id,text,has_hate_words
jnvjoz7,This is more fun than I expected fsr. Fuck u/spez,True
jnv921v,"Dear u/spez

You useless piece of shit. You absolute waste of space and air. You uneducated, ignorant, idiotic dumb swine, you’re an absolute embarrassment to humanity and all life as a whole.

The magnitude of your failure just now is so indescribably massive that one hundred years into the future your name will be used as moniker of evil for heretics. Even if all of humanity put together their collective intelligence there is no conceivable way they could have thought up a way to fuck up on the unimaginable scale you just did.

When Jesus died for our sins, he must not have seen the sacrilegious act we just witnessed you performing, because if he did he would have forsaken humanity long ago so that your birth may have never become reality.

After you die, your skeleton will be displayed in a museum after being scientifically researched so that all future generations may learn not to generate your bone structure, because every tiny detail anyone may have in common with you degrades them to a useless piece of trash and a burden to society.

No wonder your father questioned whether or not your were truly his son, for you'd have to not be a waste of carbon matter for anyone to love you like a family member.

Your birth made it so that mankind is worse off in every way you can possibly imagine, and you have made it so that society can never really recover any state of organization. Everything has forever fallen into a bewildering chaos, through which unrecognizable core, you can only find misfortune.

I would say the apocalypse is upon us but this is merely the closest word humans have for the sheer scale of horror that is now reality. You have forever condemned everyone you love and know into an eternal state of suffering, worse than any human concept of hell.

You are such an unholy being, that if you step within a one hundred foot radius of a holy place or a place that has ever been deemed important by anyone, your distorted religious soul will ruin whatever meaning it ever had beyond repair.

You are an idiotic, shiteating, dumbass ape and no one has ever loved you. You are a lying, backstabbing, cowardly useless piece of shit and I hate you with every single part of my being.

Even this world's finest writers and poets from throughout the ages could never hope to accurately describe the scale on which you just fucked up, and how incredibly idiotic you are.

Anyone that believes in any religion out there should now realize that they have been wrong this entire time, for if divine beings were real, they would never have allowed a being such as you to stain the earth and this universe.

In the future there will be horror stories made about you, with the scariest part of them being that the reader has to realize that such an indescribable monster actually exists, and that the horrific events from the movie have actually taken place in the same world that they live in right now.

You are the absolute embodiment of everything that has ever been wrong on this earth, yet even that would only represent a small part of your evil. Never in the history of mankind has there been anyone that could have predicted such an abomination, but here you are.

It’s hard to believe that I am seeing such an incredible failure with my own eyes, but here I am, so unfortunately I cannot deny your existence. Even if I did my very best, my vocabulary is not able to describe the sheer magnitude of the idiotic mistake that is you.

Even if time travel some day will be invented, there still would not be a single soul willing to go back in time to this moment to fix history, because having to witness such incredible horrors would have too many mental and physical drawbacks that not even the bravest soul in history would be willing to risk it.

I cannot imagine the pure dread your mother must have felt when she had to carry a baby for nine months and then giving birth to such a wretched monster as you. Not a single word of the incoherent, illogical rambling you may be wanting to do to defend yourself or apologize would ever be able to make up for what you just did.

The countries of the world would have wanted to make laws preventing such a terrible event like this from ever happening again, but sadly this is not possible since your horrific actions just now have shattered every form of order this world once had, making concepts such as laws irrelevant.

Right from the moment I first set my eyes on you I knew you were an absolute abomination of everything that is wrong with humanity. I was hoping I would have been able to prevent your evil from being released upon this world by tagging along and keeping my eye on you, but it is clear to me now that not even the greatest efforts would have been able to prevent a terrible event in this scale from occurring.",True
jo5vco7,“I wanna see the biggest fucking circle pit this mother fucker can hold!”,True
jnuzo9p,"whichever one hurts the poor little pigboys ego the most

fuck u/spez",True
jnv61zu,Yeah fuck that Greedy little pigboy u/spez,True
jnxr0d1,Fuck u/spez,True
jo10rai,"Because u/spez sucks.

And u/spez, if you're reading this:

You useless piece of shit. You absolute waste of space and air. You uneducated, ignorant, idiotic dumb swine, you’re an absolute embarrassment to humanity and all life as a whole.

The magnitude of your failure just now is so indescribably massive that one hundred years into the future your name will be used as moniker of evil for heretics. Even if all of humanity put together their collective intelligence there is no conceivable way they could have thought up a way to fuck up on the unimaginable scale you just did.

When Jesus died for our sins, he must not have seen the sacrilegious act we just witnessed you performing, because if he did he would have forsaken humanity long ago so that your birth may have never become reality.

After you die, your skeleton will be displayed in a museum after being scientifically researched so that all future generations may learn not to generate your bone structure, because every tiny detail anyone may have in common with you degrades them to a useless piece of trash and a burden to society.

No wonder your father questioned whether or not your were truly his son, for you'd have to not be a waste of carbon matter for anyone to love you like a family member.

Your birth made it so that mankind is worse off in every way you can possibly imagine, and you have made it so that society can never really recover any state of organization. Everything has forever fallen into a bewildering chaos, through which unrecognizable core, you can only find misfortune.

I would say the apocalypse is upon us but this is merely the closest word humans have for the sheer scale of horror that is now reality. You have forever condemned everyone you love and know into an eternal state of suffering, worse than any human concept of hell.

You are such an unholy being, that if you step within a one hundred foot radius of a holy place or a place that has ever been deemed important by anyone, your distorted religious soul will ruin whatever meaning it ever had beyond repair.

You are an idiotic, shiteating, dumbass ape and no one has ever loved you. You are a lying, backstabbing, cowardly useless piece of shit and I hate you with every single part of my being.

Even this world's finest writers and poets from throughout the ages could never hope to accurately describe the scale on which you just fucked up, and how incredibly idiotic you are.

Anyone that believes in any religion out there should now realize that they have been wrong this entire time, for if divine beings were real, they would never have allowed a being such as you to stain the earth and this universe.

In the future there will be horror stories made about you, with the scariest part of them being that the reader has to realize that such an indescribable monster actually exists, and that the horrific events from the movie have actually taken place in the same world that they live in right now.

You are the absolute embodiment of everything that has ever been wrong on this earth, yet even that would only represent a small part of your evil. Never in the history of mankind has there been anyone that could have predicted such an abomination, but here you are.

It’s hard to believe that I am seeing such an incredible failure with my own eyes, but here I am, so unfortunately I cannot deny your existence. Even if I did my very best, my vocabulary is not able to describe the sheer magnitude of the idiotic mistake that is you.

Even if time travel some day will be invented, there still would not be a single soul willing to go back in time to this moment to fix history, because having to witness such incredible horrors would have too many mental and physical drawbacks that not even the bravest soul in history would be willing to risk it.

I cannot imagine the pure dread your mother must have felt when she had to carry a baby for nine months and then giving birth to such a wretched monster as you. Not a single word of the incoherent, illogical rambling you may be wanting to do to defend yourself or apologize would ever be able to make up for what you just did.

The countries of the world would have wanted to make laws preventing such a terrible event like this from ever happening again, but sadly this is not possible since your horrific actions just now have shattered every form of order this world once had, making concepts such as laws irrelevant.

Right from the moment I first set my eyes on you I knew you were an absolute abomination of everything that is wrong with humanity. I was hoping I would have been able to prevent your evil from being released upon this world by tagging along and keeping my eye on you, but it is clear to me now that not even the greatest efforts would have been able to prevent a terrible event in this scale from occurring.",True
jo6cc31,Fuck a duck u/spez,True
jo5v48g,"It was never going to change anything. 

For the mod strike to work, mods must be willing to fully give up power and quit permanently.

I don't know of any power hungry narcissist (every reddit mod) that is willing to give up control.

Y'all know most popular subs are run by the same handful of people right? Fuck em.",True
jo67876,I fully support u/spez if he hired security I'd pay to police people for him you should just obey everything he says if it weren't for him you'd be a hoe bag on the streets of vegas,True
jo67drb,"Moderators walk away, let this place turn into a fucking racist Nazi nightmare for a little while.

Withold labour like a real strike. This will fuck any chance of an IPO, and humble that piece of shit CEO",True
jo6ae6n,"There's alternatives to protesting that doesn't involve ruining the experience for everyone and that is to simply not use Reddit but that's too hard for hardcore redditors. 

I use a third party app (Infinity) because the main app sucks balls. The API change is a bitch for me and of course I want it reverted but I also still want to use Reddit in that time but I can't do that because the mods are throwing hissyfits",True
jo6dhp0,"I'll be honest, I use RiF.  Once it goes dark I'm done.  I know reddit will still exist but fuck their awful official app.",True
jo5sp7q,Fucking annoying that some subs are still private. The ceo doesn’t give a fuck and he can still see everything that’s happening. It’s literally ONLY HURTING US,True
jo5sgn3,"And ban those who are hurting their bottom line. There is no shortage of *other* people who would mod for free and tow the company line. Once reddit releases new accessability features the protest holds no water:

We need mod API stuff!

Done.

We need better speech to text for the disabled!

Done. Btw fuck you. Ban.",True
jo63qoj,"dude the problem isnt the mere fact of charging for the service, thats obviously fucking ok, the issue is theyre charging literal MILLIONS more than their competitors just to dick over third party apps",True
jo5xjjo,"I've seen this opinion a dozen times in here and it's like none of you have been paying attention? The problem isn't that they're charging, it's that they're charging 100x as much as competitors, way more than apps can be expected to pay. The apollo app would have to drum up 20 million per year. Not to mention blocking all NSFW API access so you're only getting half the experience. It's just a blatant fuck you",True
jo624aw,Fuck andrew tate and his fanbase too,True
jo6kn5b,"Fuck off, we're full.",True
jo6m1wl,The CEO of Apollo isn’t gonna fuck you bro,True
jo60wr5,"Then Reddit just doesn’t want to work with 3rd party apps anymore i guess. It’s a dick move sure, but I don’t see anything particularly wrong with that. Especially considering they are offering free api access for non-commercial use. 

It’s pretty clear what their intentions are with this, which is their prerogative imo.",True
jo6deq8,">how’s that corporate boot taste? I’m a fucking revolutionary, you’re a boot licking SLUG!!!

Literally use alternative sites, or shut the fuck up. You’re just as big as a part of the problem. The ONLY SOLUTION is to start using alternatives. Everything else is mental masturbation",True
jo6gtou,"I get that, but in all fairness to them, would any other way of increasing official app usage and shutting down third party apps have worked?


No other notable social media platform allows third party apps in this age, I just cannot see what people expect from a company transitioning into it’s place in the market like reddit is doing.


I agree completely that it’s a dick move, but it just doesn’t make sense to expect anything else.


I also think the blackouts are very silly in nature, nothing is going to stop the corporate beast, and the volunteers that moderate aren’t going to make any point by getting themselves inevitably thrown out of their respective subs once reddit drops the civility.",True
jo61mld,Fuck them power tripping mods taking community created content away from the community,True
jo5p3hg,"The people who care are the ones who built the communoty, write mod bots, amd take down harrassment all for free

The made they site what it is. They have skin in the game. They actually care

Who the fuck are you? Some normie casual comtent-leech whose slightest inconvenience is the most importamt thing in the world?

Gtfo of here with your simp ass. Or maybe you're just a shill",True
jo5akz1,"Idk about y’all, but if I have to choose between 3rd party skins existing and face even more aggressive marketing tactics for Reddit itself to appeal to advertisers, or just having to use the default app where there are unobtrusive ads, I know what I’m choosing. Sure mods might lose tools, but I really don’t give a fuck - they can use a computer if they need.",True
jo60ac5,"> So the vast majority don’t use them, don’t care about them and are uneffected by them. The selfish are that small percentage that think only they matter.

The selfish are the people that don't give a shit about other people because they are in a minority and say ""fuck you, I got mine.""",True
jo5fiei,">	 Sure mods might lose tools, but I really don’t give a fuck - they can use a computer if they need.

think about that sentence again",True
jo5i2nn,"Imagine you spending thousands of hours off your life moderation a community you like free of charge and then over  das the platform you helped growing by your service just decides „yea fuck them we want profit“.

It’s clearly a big problem alone by the sheer amount of subs going dark",True
jo5ihrq,"Nobody cares, nobody is asking them to mod. They do that voluntarily.

Idk why subs have to shut down for millions when only a minority actually give a fuck about 3rd party apps

It’s annoying.",True
jo6bgct,"You clearly know more about tech stuff and Reddit than I do, I was just saying that like, literally nobody says to themselves ""man I can't wait to interact with reddit bots"" like what the fuck",True
jo5rg2i,"not to mention the official app is pretty shit if you are visually impaired…but fuck those people I guess, right?",True
jo56p15,Thanks. Lifes a bitch,True
jo5t062,"where's the logic in literally telling the people you're mad at that you're going to freak the fuck out for a pre-determined period of time

like what kind of stupid ass excuse for a protest is that",True
jo5455d,fuck u/spez,True
jo5kww9,fuck u/spez,True
jo5ql2x,Fuck You u/spez,True
jo5yqhn,Fuck u/spez,True
jo4vf8t,"Ah ok, FUCK HIM!!!",True
jo5edzz,The fuck is this,True
jo5jxv2,"Didn't know that and don't care if it's true or slander. Fuck u/spez.

(In stores, he licks the coating off of potato crisps, puts them back in the bag and carefully reseals them with a lighter)",True
jo4eto2,"Most people don’t even use Apollo, the whole blackout thing is pathetic.

But here’s the real point.  Reddit is funded through adverts, if you don’t like that, don’t use Reddit.

Reddit costs money to host so unless you have a solution to that, fuck off.",True
jo48aw0,Well...fuck,True
jo4x950,Y'all are tard tarded,True
jo5fugz,its been a good ride at [r/dankmemes](https://www.reddit.com/r/dankmemes) but the show must go on private indefinite for a better reddit and fuck [u/spez](https://www.reddit.com/u/spez),True
jo5tqct,"Is not just the apps, all API usage is pretty not viable tones of mod bots will stop working, spam/scams/nsfw will be everywhere.

And the main reddit app can suck the biggest dick, they can't make the app better than some random developer so they want to force it.",True
jo597h7,"I don’t give a fuck about Spez, fuck him too",True
jo5a31q,Who the fuck cares this protest is shit,True
